﻿Designator,Footprint,Quantity,Value,LCSC Part #
B1,PinHeader_1x02_P2.54mm_Vertical,1,6V,
BAT,PinHeader_1x02_P2.54mm_Vertical,1,PinHeader_1x02_P2.54mm_Vertical,
"C1, C2, C3",1812,3,C_Small,
"D1, D2",D_DO-41_SOD81_P10.16mm_Horizontal,2,Rectifier Diode,
F1,Fuse-Holder-01110501Z,1,0.5A Fuse,
M1,PinHeader_1x02_P2.54mm_Vertical,1,Motor_DC,
"R1, R2",R_Axial_DIN0207_L6.3mm_D2.5mm_P7.62mm_Horizontal,2,220kOhm,
R3,R_Axial_DIN0207_L6.3mm_D2.5mm_P7.62mm_Horizontal,1,10 Ohm,
SW1,Slide-Switch-EG1224,1,SW,
SW2,PinHeader_1x02_P2.54mm_Vertical,1,Limit Switch,
U1,XIAO-ESP32C6-DIP,1,XiaoESP32C6,
U2,PinHeader_2x02_P2.54mm_Vertical,1,MS583730BA01-50,
U3,DRV8833-THT,1,DRV8833-THT,
